smdp_address,issuer,key_id
esimapple.crm.189.cn,148030fc246c02ff222106125a8d6bda990afbe9,bd81eef99b773384c80c62d4e9e4bf60b764d9b7
esimapple.crm.189.cn,16b5d16048e3ea02bd4b606e5f77a4bf20808d83,8e6ec6d7c92eb607dbcfa99d2803a591ffce8d2f
esimapple.crm.189.cn,3bd3f57b34f44436e08f028b5101c0e0a9b0986e,c372be814efbe18c3aff56e33766b33d507333ee
esimapple.crm.189.cn,4eb94ea05b451a729cc5272ddf66f481701a05c9,ef8f2dca3ef30babe87bbdb06dfe9442033f6fe6
esimapple.crm.189.cn,cdf6d1c0a7b07f98a861b6e378b82f648d99663e,25412333ff769d1a33889576519b6e4cf2702a30
esimapple.crm.189.cn,d3ef83fc503f9c6ec4b7f6ae055b7f1373d4ab1e,ab1f657e6a86df81d95ff70e075041e1b0d32ce8
www.esimtest.chinattl.cn,148030fc246c02ff222106125a8d6bda990afbe9,12da1eafa40ddbc830bfa7254405f9f9bbc878b0
www.esimtest.chinattl.cn,16b5d16048e3ea02bd4b606e5f77a4bf20808d83,c70d1771f012c3c155716a6d2943de720386cdea
www.esimtest.chinattl.cn,665a1433d67c1a2c5db8b52c967f10a057ba5cb2,54281f7e938f9c397421376eec8fc336c9709ccf
www.esimtest.chinattl.cn,f54172bdf98a95d65cbeb88a38a1c11d800a85c3,bd5a82cc1a96602118ba7560a1ff83a78b210be5
rsp.esim.whty.com.cn,81370f5125d0b1d408d4c3b232e6d25e795bebfb,b10065ff9aa76cb4f23d6d8834fc0437f2a56daa
esim.wo.com.cn,148030fc246c02ff222106125a8d6bda990afbe9,fc2dac32e332b3d251fddbecd4b85b5cc092921b
esim.wo.com.cn,16b5d16048e3ea02bd4b606e5f77a4bf20808d83,447c2377de496d790b0d1ea8cb2342bbe7a5346f
esim.wo.com.cn,3bd3f57b34f44436e08f028b5101c0e0a9b0986e,c372be814efbe18c3aff56e33766b33d507333ee
esim.wo.com.cn,cdf6d1c0a7b07f98a861b6e378b82f648d99663e,83c65633aa261643fbbf6461fb0950964d0d17f9
esim.wo.com.cn,d3ef83fc503f9c6ec4b7f6ae055b7f1373d4ab1e,fe633d1652d739e26c6dc6f7f7e8a9e33a2c585c
rsp.simhub.cn,81370f5125d0b1d408d4c3b232e6d25e795bebfb,1f720da11ce2069b97730575a0da675c6795b7a2
rsp.esim.wo.cn,148030fc246c02ff222106125a8d6bda990afbe9,9168a18ff24303c1cc3990c7a901d7ee47e83d4c
rsp.esim.wo.cn,16b5d16048e3ea02bd4b606e5f77a4bf20808d83,c755ba6ac6cb088dfd2286b63235f68bcd667a28
rsp.esim.wo.cn,7c0e5470143ea8998ed9df300574c92e5a9acb1f,64ea8b33928f858c4a04a1b408ffdc10467302b8
rsp.esim.wo.cn,cdf6d1c0a7b07f98a861b6e378b82f648d99663e,657a260354eb338a88b3df68286003ac62e3c115
rsp.esim.wo.cn,d3ef83fc503f9c6ec4b7f6ae055b7f1373d4ab1e,f19bb19f82540a7ce030984273fd4e062a25dfc2
rsp.esim.wo.cn,f54172bdf98a95d65cbeb88a38a1c11d800a85c3,bd5a82cc1a96602118ba7560a1ff83a78b210be5
beeline-con.rsp.a1-systems.com,81370f5125d0b1d408d4c3b232e6d25e795bebfb,3150cf6a4eeb8c0148245f95a436fca47c22e507
sbermobile-con.rsp.a1-systems.com,81370f5125d0b1d408d4c3b232e6d25e795bebfb,3150cf6a4eeb8c0148245f95a436fca47c22e507
tinkoff-con.rsp.a1-systems.com,81370f5125d0b1d408d4c3b232e6d25e795bebfb,3150cf6a4eeb8c0148245f95a436fca47c22e507
rsp.billionconnect.com,81370f5125d0b1d408d4c3b232e6d25e795bebfb,56c806e3a3439c467e290c43dbfec2f60ab87eed
dp-plus.china-xinghan.com,81370f5125d0b1d408d4c3b232e6d25e795bebfb,0c3b8e077ab481a25849a8336c6c9acc49af3bdc
esim.yhdzd.chinamobile.com:8001,148030fc246c02ff222106125a8d6bda990afbe9,0f930d6202099d9d4a7a88e5726234b3c332fdc0
esim.yhdzd.chinamobile.com:8001,16b5d16048e3ea02bd4b606e5f77a4bf20808d83,a87783b5351c1dd1b4c54b3ae995bd653eac3ea7
esim.yhdzd.chinamobile.com:8001,cdf6d1c0a7b07f98a861b6e378b82f648d99663e,980724a4b57fb426486e84b644e31a487e547f96
esim.yhdzd.chinamobile.com:8001,d3ef83fc503f9c6ec4b7f6ae055b7f1373d4ab1e,6d69dd23e3b50aab4d14e047919b2b15c83a8dff
rsp1.cmlink.com,16704b7f351e3607f18c4b70005c3a003dfd414a,902a293455fd6c667846c961b1d0ceeafe7802b0
rsp1.cmlink.com,81370f5125d0b1d408d4c3b232e6d25e795bebfb,31f7a5057f6f57d5562bc63acf2c66beb1fafea7
rsp1.cmlink.com,81370f5125d0b1d408d4c3b232e6d25e795bebfb,56c806e3a3439c467e290c43dbfec2f60ab87eed
ais.eastcompeace.com,16704b7f351e3607f18c4b70005c3a003dfd414a,902a293455fd6c667846c961b1d0ceeafe7802b0
ais.eastcompeace.com,81370f5125d0b1d408d4c3b232e6d25e795bebfb,31f7a5057f6f57d5562bc63acf2c66beb1fafea7
ais.eastcompeace.com,81370f5125d0b1d408d4c3b232e6d25e795bebfb,56c806e3a3439c467e290c43dbfec2f60ab87eed
ecprsp.eastcompeace.com,16704b7f351e3607f18c4b70005c3a003dfd414a,902a293455fd6c667846c961b1d0ceeafe7802b0
ecprsp.eastcompeace.com,81370f5125d0b1d408d4c3b232e6d25e795bebfb,31f7a5057f6f57d5562bc63acf2c66beb1fafea7
ecprsp.eastcompeace.com,81370f5125d0b1d408d4c3b232e6d25e795bebfb,56c806e3a3439c467e290c43dbfec2f60ab87eed
mercury.eastcompeace.com,81370f5125d0b1d408d4c3b232e6d25e795bebfb,56c806e3a3439c467e290c43dbfec2f60ab87eed
secsmsminiapp.eastcompeace.com,81370f5125d0b1d408d4c3b232e6d25e795bebfb,38305f26861abd6e1630ad7d2ce25afe0ed3cfe0
secsmsminiapp.eastcompeace.com,f54172bdf98a95d65cbeb88a38a1c11d800a85c3,bd5a82cc1a96602118ba7560a1ff83a78b210be5
sm-91443.esim-vsm.com,81370f5125d0b1d408d4c3b232e6d25e795bebfb,09dc02bd717d7ef8ac77953957c87c2eaeeb03c8
lpa.live.esimdiscovery.com,81370f5125d0b1d408d4c3b232e6d25e795bebfb,d512a4979b3082caf9a3e6ec816392f6ce85a36d
bt.pr.go-esim.com,16704b7f351e3607f18c4b70005c3a003dfd414a,5402d23769e32de440d145bdffcad73690f9f28e
bt.pr.go-esim.com,81370f5125d0b1d408d4c3b232e6d25e795bebfb,300933e819938d83d0701c78d18d6303d9c05d20
ee.pr.go-esim.com,16704b7f351e3607f18c4b70005c3a003dfd414a,5402d23769e32de440d145bdffcad73690f9f28e
ee.pr.go-esim.com,81370f5125d0b1d408d4c3b232e6d25e795bebfb,300933e819938d83d0701c78d18d6303d9c05d20
google-fi.pr.go-esim.com,81370f5125d0b1d408d4c3b232e6d25e795bebfb,8808cc9e53cc16ba5f72bf5c11d747b7f72af7ee
google-fi.pr.go-esim.com,b60f0b897fd630b88cfed6161f8ea808c5382ac3,44117bbdf33d046e3dcd66d2b26f2979d8cee1a5
sm-v4-004-a-gtm.pr.go-esim.com,137bd996cb67f5aab8edbd9850d651aacb952f0f,96524c9753247ea80a1f987445f54c7a4723d719
sm-v4-004-a-gtm.pr.go-esim.com,16704b7f351e3607f18c4b70005c3a003dfd414a,5402d23769e32de440d145bdffcad73690f9f28e
sm-v4-004-a-gtm.pr.go-esim.com,81370f5125d0b1d408d4c3b232e6d25e795bebfb,300933e819938d83d0701c78d18d6303d9c05d20
sm-v4-007-a-gtm.pr.go-esim.com,81370f5125d0b1d408d4c3b232e6d25e795bebfb,8808cc9e53cc16ba5f72bf5c11d747b7f72af7ee
sm-v4-007-a-gtm.pr.go-esim.com,b60f0b897fd630b88cfed6161f8ea808c5382ac3,44117bbdf33d046e3dcd66d2b26f2979d8cee1a5
sm-v4-012-a-gtm.pr.go-esim.com,16704b7f351e3607f18c4b70005c3a003dfd414a,5402d23769e32de440d145bdffcad73690f9f28e
sm-v4-012-a-gtm.pr.go-esim.com,81370f5125d0b1d408d4c3b232e6d25e795bebfb,300933e819938d83d0701c78d18d6303d9c05d20
sm-v4-019-a-atl2.pr.go-esim.com,16704b7f351e3607f18c4b70005c3a003dfd414a,b8ab1721acafe8a545ae47c00c4f2fe8b1976eed
sm-v4-019-a-atl2.pr.go-esim.com,81370f5125d0b1d408d4c3b232e6d25e795bebfb,8808cc9e53cc16ba5f72bf5c11d747b7f72af7ee
sm-v4-028-qaa-gtm.pr.go-esim.com,16704b7f351e3607f18c4b70005c3a003dfd414a,5402d23769e32de440d145bdffcad73690f9f28e
sm-v4-028-qaa-gtm.pr.go-esim.com,81370f5125d0b1d408d4c3b232e6d25e795bebfb,300933e819938d83d0701c78d18d6303d9c05d20
sm-v4-033-a-gtm.pr.go-esim.com,16704b7f351e3607f18c4b70005c3a003dfd414a,5402d23769e32de440d145bdffcad73690f9f28e
sm-v4-033-a-gtm.pr.go-esim.com,81370f5125d0b1d408d4c3b232e6d25e795bebfb,300933e819938d83d0701c78d18d6303d9c05d20
sm-v4-068-nia-gtm.pr.go-esim.com,16704b7f351e3607f18c4b70005c3a003dfd414a,5402d23769e32de440d145bdffcad73690f9f28e
sm-v4-068-nia-gtm.pr.go-esim.com,81370f5125d0b1d408d4c3b232e6d25e795bebfb,300933e819938d83d0701c78d18d6303d9c05d20
sm-v4-072-g-gtm.pr.go-esim.com,16704b7f351e3607f18c4b70005c3a003dfd414a,b8ab1721acafe8a545ae47c00c4f2fe8b1976eed
sm-v4-072-g-gtm.pr.go-esim.com,81370f5125d0b1d408d4c3b232e6d25e795bebfb,8808cc9e53cc16ba5f72bf5c11d747b7f72af7ee
sm-v4-072-m-gtm.pr.go-esim.com,16704b7f351e3607f18c4b70005c3a003dfd414a,b8ab1721acafe8a545ae47c00c4f2fe8b1976eed
sm-v4-072-m-gtm.pr.go-esim.com,81370f5125d0b1d408d4c3b232e6d25e795bebfb,8808cc9e53cc16ba5f72bf5c11d747b7f72af7ee
sm-v4-077-a-gtm.pr.go-esim.com,16704b7f351e3607f18c4b70005c3a003dfd414a,5402d23769e32de440d145bdffcad73690f9f28e
sm-v4-077-a-gtm.pr.go-esim.com,81370f5125d0b1d408d4c3b232e6d25e795bebfb,300933e819938d83d0701c78d18d6303d9c05d20
sm-v4-079-a-gtm.pr.go-esim.com,16704b7f351e3607f18c4b70005c3a003dfd414a,5402d23769e32de440d145bdffcad73690f9f28e
sm-v4-079-a-gtm.pr.go-esim.com,81370f5125d0b1d408d4c3b232e6d25e795bebfb,300933e819938d83d0701c78d18d6303d9c05d20
sm-v4-098-a-gtm.pr.go-esim.com,16704b7f351e3607f18c4b70005c3a003dfd414a,5402d23769e32de440d145bdffcad73690f9f28e
sm-v4-098-a-gtm.pr.go-esim.com,81370f5125d0b1d408d4c3b232e6d25e795bebfb,300933e819938d83d0701c78d18d6303d9c05d20
tc.pr.go-esim.com,16704b7f351e3607f18c4b70005c3a003dfd414a,5402d23769e32de440d145bdffcad73690f9f28e
tc.pr.go-esim.com,81370f5125d0b1d408d4c3b232e6d25e795bebfb,300933e819938d83d0701c78d18d6303d9c05d20
lpa.ds.gsma.com,81370f5125d0b1d408d4c3b232e6d25e795bebfb,a9ddca9d22b06abfdc91a7677285dce172d8006f
testsmdpplus.infineon.com,c0bc70ba36929d43b467ff57570530e57ab8fcd8,d70efd057bac1f7c55ea5d8c26be160292845baf
testsmdpplus.infineon.com,f54172bdf98a95d65cbeb88a38a1c11d800a85c3,959ef7e650c1be216a391974276d26b8a9356171
itelvnm.rsp.instant-connectivity.com,81370f5125d0b1d408d4c3b232e6d25e795bebfb,fd4e434b2853c2fc433080c6eb7544bdecf55158
nepaltelecomnpl.rsp.instant-connectivity.com,81370f5125d0b1d408d4c3b232e6d25e795bebfb,fd4e434b2853c2fc433080c6eb7544bdecf55158
speednetblz.rsp.instant-connectivity.com,81370f5125d0b1d408d4c3b232e6d25e795bebfb,fd4e434b2853c2fc433080c6eb7544bdecf55158
telkomsel-idn.rsp.instant-connectivity.com,81370f5125d0b1d408d4c3b232e6d25e795bebfb,fd4e434b2853c2fc433080c6eb7544bdecf55158
smdprd.jio.com,16704b7f351e3607f18c4b70005c3a003dfd414a,a1a812c8b4529471beb5fcaa628d561cb270abd6
smdprd.jio.com,81370f5125d0b1d408d4c3b232e6d25e795bebfb,1c3c4988d895bd5abc5f4ee3f49f0c48fa6cac1d
smdp-plus-0.eu.cd.rsp.kigen.com,81370f5125d0b1d408d4c3b232e6d25e795bebfb,9fc6b9f22e31b17fbded93d5a1fe9d41606964e9
smdp-plus-0.eu.cd.rsp.kigen.com,c0bc70ba36929d43b467ff57570530e57ab8fcd8,79a4bd4d78ff4734bc6045cf9196244a1fb84beb
smdp-plus-1.eu.cd.rsp.kigen.com,81370f5125d0b1d408d4c3b232e6d25e795bebfb,18f8372205a85a4093ca9cd5d6f82e458ae462c5
dp-plus-par07-01.oasis-smartsim.com,81370f5125d0b1d408d4c3b232e6d25e795bebfb,bf07decc57e61b99b0cb808910e0f0756db0a599
smdp-plus-in-01.oasis-smartsim.com,81370f5125d0b1d408d4c3b232e6d25e795bebfb,70605cb26bf6c7fe534b501d7f41e0721ac36c26
anc.prod.ondemandconnectivity.com,16704b7f351e3607f18c4b70005c3a003dfd414a,0953651a54c6b590e3dc26f7346cbe9e7a580dc8
anc.prod.ondemandconnectivity.com,81370f5125d0b1d408d4c3b232e6d25e795bebfb,914fb850ef176207c21c440d8c4d508b8e8a40f9
apb.prod.ondemandconnectivity.com,16704b7f351e3607f18c4b70005c3a003dfd414a,686931985a2124848fad6784ba6a80f2e87e0971
apb.prod.ondemandconnectivity.com,81370f5125d0b1d408d4c3b232e6d25e795bebfb,198265d253e0517d5b77c0dbc220a46afb5bf617
apb.prod.ondemandconnectivity.com,81370f5125d0b1d408d4c3b232e6d25e795bebfb,25f709b3736c0bda32d6a94a31bde47cb12a25aa
bmc.prod.ondemandconnectivity.com,81370f5125d0b1d408d4c3b232e6d25e795bebfb,291312977a13a474c20cfb94c250509c614b7cc6
cel.prod.ondemandconnectivity.com,16704b7f351e3607f18c4b70005c3a003dfd414a,686931985a2124848fad6784ba6a80f2e87e0971
cel.prod.ondemandconnectivity.com,81370f5125d0b1d408d4c3b232e6d25e795bebfb,198265d253e0517d5b77c0dbc220a46afb5bf617
cel.prod.ondemandconnectivity.com,81370f5125d0b1d408d4c3b232e6d25e795bebfb,25f709b3736c0bda32d6a94a31bde47cb12a25aa
csl.prod.ondemandconnectivity.com,16704b7f351e3607f18c4b70005c3a003dfd414a,686931985a2124848fad6784ba6a80f2e87e0971
csl.prod.ondemandconnectivity.com,81370f5125d0b1d408d4c3b232e6d25e795bebfb,25f709b3736c0bda32d6a94a31bde47cb12a25aa
csl.prod.ondemandconnectivity.com,81370f5125d0b1d408d4c3b232e6d25e795bebfb,198265d253e0517d5b77c0dbc220a46afb5bf617
esim.prod.ondemandconnectivity.com,16704b7f351e3607f18c4b70005c3a003dfd414a,7d7605e1c6d473927da121af854b48499c04f6e9
esim.prod.ondemandconnectivity.com,81370f5125d0b1d408d4c3b232e6d25e795bebfb,1ed17c827ea6fddbbb404b3c107beb0ee2aeed53
esim.prod.ondemandconnectivity.com,81370f5125d0b1d408d4c3b232e6d25e795bebfb,25f709b3736c0bda32d6a94a31bde47cb12a25aa
frm.prod.ondemandconnectivity.com,16704b7f351e3607f18c4b70005c3a003dfd414a,7d7605e1c6d473927da121af854b48499c04f6e9
frm.prod.ondemandconnectivity.com,81370f5125d0b1d408d4c3b232e6d25e795bebfb,25f709b3736c0bda32d6a94a31bde47cb12a25aa
frm.prod.ondemandconnectivity.com,81370f5125d0b1d408d4c3b232e6d25e795bebfb,1ed17c827ea6fddbbb404b3c107beb0ee2aeed53
glo.prod.ondemandconnectivity.com,16704b7f351e3607f18c4b70005c3a003dfd414a,7d7605e1c6d473927da121af854b48499c04f6e9
glo.prod.ondemandconnectivity.com,81370f5125d0b1d408d4c3b232e6d25e795bebfb,25f709b3736c0bda32d6a94a31bde47cb12a25aa
glo.prod.ondemandconnectivity.com,81370f5125d0b1d408d4c3b232e6d25e795bebfb,1ed17c827ea6fddbbb404b3c107beb0ee2aeed53
h3a.prod.ondemandconnectivity.com,16704b7f351e3607f18c4b70005c3a003dfd414a,7d7605e1c6d473927da121af854b48499c04f6e9
h3a.prod.ondemandconnectivity.com,81370f5125d0b1d408d4c3b232e6d25e795bebfb,25f709b3736c0bda32d6a94a31bde47cb12a25aa
h3a.prod.ondemandconnectivity.com,81370f5125d0b1d408d4c3b232e6d25e795bebfb,1ed17c827ea6fddbbb404b3c107beb0ee2aeed53
hhk.prod.ondemandconnectivity.com,16704b7f351e3607f18c4b70005c3a003dfd414a,7d7605e1c6d473927da121af854b48499c04f6e9
hhk.prod.ondemandconnectivity.com,81370f5125d0b1d408d4c3b232e6d25e795bebfb,25f709b3736c0bda32d6a94a31bde47cb12a25aa
hhk.prod.ondemandconnectivity.com,81370f5125d0b1d408d4c3b232e6d25e795bebfb,1ed17c827ea6fddbbb404b3c107beb0ee2aeed53
huk.prod.ondemandconnectivity.com,16704b7f351e3607f18c4b70005c3a003dfd414a,686931985a2124848fad6784ba6a80f2e87e0971
huk.prod.ondemandconnectivity.com,81370f5125d0b1d408d4c3b232e6d25e795bebfb,25f709b3736c0bda32d6a94a31bde47cb12a25aa
huk.prod.ondemandconnectivity.com,81370f5125d0b1d408d4c3b232e6d25e795bebfb,198265d253e0517d5b77c0dbc220a46afb5bf617
jph.prod.ondemandconnectivity.com,16704b7f351e3607f18c4b70005c3a003dfd414a,7d7605e1c6d473927da121af854b48499c04f6e9
jph.prod.ondemandconnectivity.com,81370f5125d0b1d408d4c3b232e6d25e795bebfb,25f709b3736c0bda32d6a94a31bde47cb12a25aa
jph.prod.ondemandconnectivity.com,81370f5125d0b1d408d4c3b232e6d25e795bebfb,1ed17c827ea6fddbbb404b3c107beb0ee2aeed53
kddi.prod.ondemandconnectivity.com,16704b7f351e3607f18c4b70005c3a003dfd414a,686931985a2124848fad6784ba6a80f2e87e0971
kddi.prod.ondemandconnectivity.com,81370f5125d0b1d408d4c3b232e6d25e795bebfb,25f709b3736c0bda32d6a94a31bde47cb12a25aa
kddi.prod.ondemandconnectivity.com,81370f5125d0b1d408d4c3b232e6d25e795bebfb,198265d253e0517d5b77c0dbc220a46afb5bf617
kt.prod.ondemandconnectivity.com,16704b7f351e3607f18c4b70005c3a003dfd414a,7d7605e1c6d473927da121af854b48499c04f6e9
kt.prod.ondemandconnectivity.com,81370f5125d0b1d408d4c3b232e6d25e795bebfb,25f709b3736c0bda32d6a94a31bde47cb12a25aa
kt.prod.ondemandconnectivity.com,81370f5125d0b1d408d4c3b232e6d25e795bebfb,1ed17c827ea6fddbbb404b3c107beb0ee2aeed53
lgu.prod.ondemandconnectivity.com,16704b7f351e3607f18c4b70005c3a003dfd414a,686931985a2124848fad6784ba6a80f2e87e0971
lgu.prod.ondemandconnectivity.com,81370f5125d0b1d408d4c3b232e6d25e795bebfb,198265d253e0517d5b77c0dbc220a46afb5bf617
lgu.prod.ondemandconnectivity.com,81370f5125d0b1d408d4c3b232e6d25e795bebfb,25f709b3736c0bda32d6a94a31bde47cb12a25aa
man-gto.prod.ondemandconnectivity.com,16704b7f351e3607f18c4b70005c3a003dfd414a,7d7605e1c6d473927da121af854b48499c04f6e9
man-gto.prod.ondemandconnectivity.com,81370f5125d0b1d408d4c3b232e6d25e795bebfb,25f709b3736c0bda32d6a94a31bde47cb12a25aa
man-gto.prod.ondemandconnectivity.com,81370f5125d0b1d408d4c3b232e6d25e795bebfb,1ed17c827ea6fddbbb404b3c107beb0ee2aeed53
peo.prod.ondemandconnectivity.com,16704b7f351e3607f18c4b70005c3a003dfd414a,7d7605e1c6d473927da121af854b48499c04f6e9
peo.prod.ondemandconnectivity.com,81370f5125d0b1d408d4c3b232e6d25e795bebfb,1ed17c827ea6fddbbb404b3c107beb0ee2aeed53
peo.prod.ondemandconnectivity.com,81370f5125d0b1d408d4c3b232e6d25e795bebfb,25f709b3736c0bda32d6a94a31bde47cb12a25aa
rakuten.prod.ondemandconnectivity.com,16704b7f351e3607f18c4b70005c3a003dfd414a,7d7605e1c6d473927da121af854b48499c04f6e9
rakuten.prod.ondemandconnectivity.com,81370f5125d0b1d408d4c3b232e6d25e795bebfb,25f709b3736c0bda32d6a94a31bde47cb12a25aa
rakuten.prod.ondemandconnectivity.com,81370f5125d0b1d408d4c3b232e6d25e795bebfb,1ed17c827ea6fddbbb404b3c107beb0ee2aeed53
sci.prod.ondemandconnectivity.com,16704b7f351e3607f18c4b70005c3a003dfd414a,7d7605e1c6d473927da121af854b48499c04f6e9
sci.prod.ondemandconnectivity.com,81370f5125d0b1d408d4c3b232e6d25e795bebfb,25f709b3736c0bda32d6a94a31bde47cb12a25aa
sci.prod.ondemandconnectivity.com,81370f5125d0b1d408d4c3b232e6d25e795bebfb,1ed17c827ea6fddbbb404b3c107beb0ee2aeed53
sin.prod.ondemandconnectivity.com,16704b7f351e3607f18c4b70005c3a003dfd414a,686931985a2124848fad6784ba6a80f2e87e0971
sin.prod.ondemandconnectivity.com,81370f5125d0b1d408d4c3b232e6d25e795bebfb,25f709b3736c0bda32d6a94a31bde47cb12a25aa
sin.prod.ondemandconnectivity.com,81370f5125d0b1d408d4c3b232e6d25e795bebfb,198265d253e0517d5b77c0dbc220a46afb5bf617
sma.prod.ondemandconnectivity.com,16704b7f351e3607f18c4b70005c3a003dfd414a,686931985a2124848fad6784ba6a80f2e87e0971
sma.prod.ondemandconnectivity.com,81370f5125d0b1d408d4c3b232e6d25e795bebfb,25f709b3736c0bda32d6a94a31bde47cb12a25aa
sma.prod.ondemandconnectivity.com,81370f5125d0b1d408d4c3b232e6d25e795bebfb,198265d253e0517d5b77c0dbc220a46afb5bf617
snr.prod.ondemandconnectivity.com,16704b7f351e3607f18c4b70005c3a003dfd414a,7d7605e1c6d473927da121af854b48499c04f6e9
snr.prod.ondemandconnectivity.com,81370f5125d0b1d408d4c3b232e6d25e795bebfb,1ed17c827ea6fddbbb404b3c107beb0ee2aeed53
snr.prod.ondemandconnectivity.com,81370f5125d0b1d408d4c3b232e6d25e795bebfb,25f709b3736c0bda32d6a94a31bde47cb12a25aa
thales3.prod.ondemandconnectivity.com,16704b7f351e3607f18c4b70005c3a003dfd414a,686931985a2124848fad6784ba6a80f2e87e0971
thales3.prod.ondemandconnectivity.com,81370f5125d0b1d408d4c3b232e6d25e795bebfb,25f709b3736c0bda32d6a94a31bde47cb12a25aa
thales3.prod.ondemandconnectivity.com,81370f5125d0b1d408d4c3b232e6d25e795bebfb,198265d253e0517d5b77c0dbc220a46afb5bf617
tl2.prod.ondemandconnectivity.com,16704b7f351e3607f18c4b70005c3a003dfd414a,7d7605e1c6d473927da121af854b48499c04f6e9
tl2.prod.ondemandconnectivity.com,81370f5125d0b1d408d4c3b232e6d25e795bebfb,25f709b3736c0bda32d6a94a31bde47cb12a25aa
tl2.prod.ondemandconnectivity.com,81370f5125d0b1d408d4c3b232e6d25e795bebfb,1ed17c827ea6fddbbb404b3c107beb0ee2aeed53
tnz.prod.ondemandconnectivity.com,16704b7f351e3607f18c4b70005c3a003dfd414a,686931985a2124848fad6784ba6a80f2e87e0971
tnz.prod.ondemandconnectivity.com,81370f5125d0b1d408d4c3b232e6d25e795bebfb,25f709b3736c0bda32d6a94a31bde47cb12a25aa
tnz.prod.ondemandconnectivity.com,81370f5125d0b1d408d4c3b232e6d25e795bebfb,198265d253e0517d5b77c0dbc220a46afb5bf617
trl.prod.ondemandconnectivity.com,16704b7f351e3607f18c4b70005c3a003dfd414a,686931985a2124848fad6784ba6a80f2e87e0971
trl.prod.ondemandconnectivity.com,81370f5125d0b1d408d4c3b232e6d25e795bebfb,25f709b3736c0bda32d6a94a31bde47cb12a25aa
trl.prod.ondemandconnectivity.com,81370f5125d0b1d408d4c3b232e6d25e795bebfb,198265d253e0517d5b77c0dbc220a46afb5bf617
tsm.prod.ondemandconnectivity.com,16704b7f351e3607f18c4b70005c3a003dfd414a,7d7605e1c6d473927da121af854b48499c04f6e9
tsm.prod.ondemandconnectivity.com,81370f5125d0b1d408d4c3b232e6d25e795bebfb,1ed17c827ea6fddbbb404b3c107beb0ee2aeed53
tsm.prod.ondemandconnectivity.com,81370f5125d0b1d408d4c3b232e6d25e795bebfb,25f709b3736c0bda32d6a94a31bde47cb12a25aa
tur.prod.ondemandconnectivity.com,16704b7f351e3607f18c4b70005c3a003dfd414a,7d7605e1c6d473927da121af854b48499c04f6e9
tur.prod.ondemandconnectivity.com,81370f5125d0b1d408d4c3b232e6d25e795bebfb,1ed17c827ea6fddbbb404b3c107beb0ee2aeed53
tur.prod.ondemandconnectivity.com,81370f5125d0b1d408d4c3b232e6d25e795bebfb,25f709b3736c0bda32d6a94a31bde47cb12a25aa
twl.prod.ondemandconnectivity.com,16704b7f351e3607f18c4b70005c3a003dfd414a,0953651a54c6b590e3dc26f7346cbe9e7a580dc8
twl.prod.ondemandconnectivity.com,81370f5125d0b1d408d4c3b232e6d25e795bebfb,914fb850ef176207c21c440d8c4d508b8e8a40f9
twl.prod.ondemandconnectivity.com,81370f5125d0b1d408d4c3b232e6d25e795bebfb,291312977a13a474c20cfb94c250509c614b7cc6
vuk-gto.prod.ondemandconnectivity.com,16704b7f351e3607f18c4b70005c3a003dfd414a,7d7605e1c6d473927da121af854b48499c04f6e9
vuk-gto.prod.ondemandconnectivity.com,81370f5125d0b1d408d4c3b232e6d25e795bebfb,25f709b3736c0bda32d6a94a31bde47cb12a25aa
vuk-gto.prod.ondemandconnectivity.com,81370f5125d0b1d408d4c3b232e6d25e795bebfb,1ed17c827ea6fddbbb404b3c107beb0ee2aeed53
2.vzw.otgeuicc.com,16704b7f351e3607f18c4b70005c3a003dfd414a,cc325eaafdcd838aef37a30352c3d772362a1cd1
2.vzw.otgeuicc.com,81370f5125d0b1d408d4c3b232e6d25e795bebfb,20caed6009dba2b1abe785729289af13d6fd43bf
cha.vzw.otgeuicc.com,16704b7f351e3607f18c4b70005c3a003dfd414a,cc325eaafdcd838aef37a30352c3d772362a1cd1
cha.vzw.otgeuicc.com,81370f5125d0b1d408d4c3b232e6d25e795bebfb,20caed6009dba2b1abe785729289af13d6fd43bf
gsma2.vzw.otgeuicc.com,16704b7f351e3607f18c4b70005c3a003dfd414a,cc325eaafdcd838aef37a30352c3d772362a1cd1
gsma2.vzw.otgeuicc.com,81370f5125d0b1d408d4c3b232e6d25e795bebfb,20caed6009dba2b1abe785729289af13d6fd43bf
gsmacct.vzw.otgeuicc.com,16704b7f351e3607f18c4b70005c3a003dfd414a,cc325eaafdcd838aef37a30352c3d772362a1cd1
gsmacct.vzw.otgeuicc.com,81370f5125d0b1d408d4c3b232e6d25e795bebfb,20caed6009dba2b1abe785729289af13d6fd43bf
lpads.vzw.otgeuicc.com,81370f5125d0b1d408d4c3b232e6d25e795bebfb,313c7a8327ae52cf09bd1302d2f97237d163b827
usm.vzw.otgeuicc.com,16704b7f351e3607f18c4b70005c3a003dfd414a,cc325eaafdcd838aef37a30352c3d772362a1cd1
usm.vzw.otgeuicc.com,81370f5125d0b1d408d4c3b232e6d25e795bebfb,20caed6009dba2b1abe785729289af13d6fd43bf
vsb.vzw.otgeuicc.com,16704b7f351e3607f18c4b70005c3a003dfd414a,cc325eaafdcd838aef37a30352c3d772362a1cd1
vsb.vzw.otgeuicc.com,81370f5125d0b1d408d4c3b232e6d25e795bebfb,20caed6009dba2b1abe785729289af13d6fd43bf
rsp-eu.redteamobile.com,81370f5125d0b1d408d4c3b232e6d25e795bebfb,1f720da11ce2069b97730575a0da675c6795b7a2
rsp-eu.simlessly.com,81370f5125d0b1d408d4c3b232e6d25e795bebfb,1f720da11ce2069b97730575a0da675c6795b7a2
mercury.toprsp.com,81370f5125d0b1d408d4c3b232e6d25e795bebfb,56c806e3a3439c467e290c43dbfec2f60ab87eed
t2.toprsp.com,16704b7f351e3607f18c4b70005c3a003dfd414a,902a293455fd6c667846c961b1d0ceeafe7802b0
t2.toprsp.com,81370f5125d0b1d408d4c3b232e6d25e795bebfb,56c806e3a3439c467e290c43dbfec2f60ab87eed
t2.toprsp.com,81370f5125d0b1d408d4c3b232e6d25e795bebfb,31f7a5057f6f57d5562bc63acf2c66beb1fafea7
rsp.truphone.com,16704b7f351e3607f18c4b70005c3a003dfd414a,f75e6a5a92d0e0979f4fd765b7437b045f54ebde
rsp.truphone.com,665a1433d67c1a2c5db8b52c967f10a057ba5cb2,72c0afa87d985abb85569603323c91d6fb104a92
rsp.truphone.com,81370f5125d0b1d408d4c3b232e6d25e795bebfb,48005bef0f7fdf6715402c95766f88e12b0e6c12
rsp.truphone.com,81370f5125d0b1d408d4c3b232e6d25e795bebfb,18f04c54d7a617353b0662e1bd055474d19cd33f
rsp.truphone.com,b70ba40c0f24f277b7b2050ad1e86a7cf28c4e57,e3ad1f2b8a22a3cd13771d25d1ea65451695798a
millicomelsalvador.validereachdpplus.com,16704b7f351e3607f18c4b70005c3a003dfd414a,4bc0a4cbe8ba2e999546d43fcf4d7ea69a2facb7
millicomelsalvador.validereachdpplus.com,81370f5125d0b1d408d4c3b232e6d25e795bebfb,f8eda5a751afaa0c235845f5bcfc8c7b7a6f4355
mobileuc.validereachdpplus.com,16704b7f351e3607f18c4b70005c3a003dfd414a,4bc0a4cbe8ba2e999546d43fcf4d7ea69a2facb7
mobileuc.validereachdpplus.com,81370f5125d0b1d408d4c3b232e6d25e795bebfb,f8eda5a751afaa0c235845f5bcfc8c7b7a6f4355
telefonicaelsalvador.validereachdpplus.com,16704b7f351e3607f18c4b70005c3a003dfd414a,4bc0a4cbe8ba2e999546d43fcf4d7ea69a2facb7
telefonicaelsalvador.validereachdpplus.com,81370f5125d0b1d408d4c3b232e6d25e795bebfb,f8eda5a751afaa0c235845f5bcfc8c7b7a6f4355
demo-consumer.validspereachdpplus.com,81370f5125d0b1d408d4c3b232e6d25e795bebfb,d3551a07842301fd7100382b38d994b33e9806f0
usmdp-001-prod-muc1-eb.venyonservices.com,137bd996cb67f5aab8edbd9850d651aacb952f0f,96524c9753247ea80a1f987445f54c7a4723d719
usmdp-001-prod-muc1-eb.venyonservices.com,16704b7f351e3607f18c4b70005c3a003dfd414a,5402d23769e32de440d145bdffcad73690f9f28e
usmdp-001-prod-muc1-eb.venyonservices.com,81370f5125d0b1d408d4c3b232e6d25e795bebfb,300933e819938d83d0701c78d18d6303d9c05d20
console.wdrsp.com,81370f5125d0b1d408d4c3b232e6d25e795bebfb,c9875732b9c4c172044593f9bdaf7a016634473f
smdpp.test.rsp.sysmocom.de,f54172bdf98a95d65cbeb88a38a1c11d800a85c3,bd5a82cc1a96602118ba7560a1ff83a78b210be5
lpa.live.esimdiscovery.dev,81370f5125d0b1d408d4c3b232e6d25e795bebfb,8594d09e62012a3b75c90ad5ef636af104275e71
mc4-demo.otlabs.fr,066d48a537d97191c7394adc3dec6519d1b0bf89,49cb88f6d711ce4e36d971c18858eefc3acb3425
mc4-demo.otlabs.fr,665a1433d67c1a2c5db8b52c967f10a057ba5cb2,49cb88f6d711ce4e36d971c18858eefc3acb3425
mc4-poc6.otlabs.fr,066d48a537d97191c7394adc3dec6519d1b0bf89,49cb88f6d711ce4e36d971c18858eefc3acb3425
mc4-poc6.otlabs.fr,665a1433d67c1a2c5db8b52c967f10a057ba5cb2,bd5a82cc1a96602118ba7560a1ff83a78b210be5
mc4-poc6.otlabs.fr,f54172bdf98a95d65cbeb88a38a1c11d800a85c3,bd5a82cc1a96602118ba7560a1ff83a78b210be5
consumer.rsp.global,81370f5125d0b1d408d4c3b232e6d25e795bebfb,5d7f95230ab1af565dab6855c9ce48494277bc1f
prod.smdp-plus.rsp.goog,665a1433d67c1a2c5db8b52c967f10a057ba5cb2,e10f143558342bbd229c489f1b69c0092c341fd9
prod.smdp-plus.rsp.goog,b60f0b897fd630b88cfed6161f8ea808c5382ac3,e10f143558342bbd229c489f1b69c0092c341fd9
prod.smds.rsp.goog,665a1433d67c1a2c5db8b52c967f10a057ba5cb2,6826c77f564b8222749ea555bd46a349a3573b0d
prod.smds.rsp.goog,b60f0b897fd630b88cfed6161f8ea808c5382ac3,6826c77f564b8222749ea555bd46a349a3573b0d
smdp.airtel.in,16704b7f351e3607f18c4b70005c3a003dfd414a,af3775957c968bce1e706de7eacd5afa48fbf2c0
smdp.airtel.in,81370f5125d0b1d408d4c3b232e6d25e795bebfb,50da4db958a1b663fc21c90a62c0360e955ce05b
celitech.idemia.io,16704b7f351e3607f18c4b70005c3a003dfd414a,496fae14247ca053e4171950b990b8270a3e6c3e
celitech.idemia.io,81370f5125d0b1d408d4c3b232e6d25e795bebfb,100320b09b92788e32e062a1ba289e5ae5e17b51
rsp-2000.idemia.io,81370f5125d0b1d408d4c3b232e6d25e795bebfb,4a9e91232a903ea2bc4d54fe32a9568a7009a934
rsp-3002.idemia.io,81370f5125d0b1d408d4c3b232e6d25e795bebfb,6fdd0016f7fbb375df9f5b4d9298b7a8fe330695
rsp-3022.idemia.io,16704b7f351e3607f18c4b70005c3a003dfd414a,eeb752fd58b76f0ac38fb9bad8faec36ee64b2a6
rsp-3022.idemia.io,81370f5125d0b1d408d4c3b232e6d25e795bebfb,6fdd0016f7fbb375df9f5b4d9298b7a8fe330695
rsp-3036.idemia.io,16704b7f351e3607f18c4b70005c3a003dfd414a,eeb752fd58b76f0ac38fb9bad8faec36ee64b2a6
rsp-3036.idemia.io,81370f5125d0b1d408d4c3b232e6d25e795bebfb,6fdd0016f7fbb375df9f5b4d9298b7a8fe330695
rsp-4002.idemia.io,16704b7f351e3607f18c4b70005c3a003dfd414a,496fae14247ca053e4171950b990b8270a3e6c3e
rsp-4002.idemia.io,81370f5125d0b1d408d4c3b232e6d25e795bebfb,100320b09b92788e32e062a1ba289e5ae5e17b51
rsp-4008.idemia.io,16704b7f351e3607f18c4b70005c3a003dfd414a,496fae14247ca053e4171950b990b8270a3e6c3e
rsp-4008.idemia.io,81370f5125d0b1d408d4c3b232e6d25e795bebfb,100320b09b92788e32e062a1ba289e5ae5e17b51
t-mobile.idemia.io,16704b7f351e3607f18c4b70005c3a003dfd414a,496fae14247ca053e4171950b990b8270a3e6c3e
t-mobile.idemia.io,81370f5125d0b1d408d4c3b232e6d25e795bebfb,100320b09b92788e32e062a1ba289e5ae5e17b51
vfgb.idemia.io,16704b7f351e3607f18c4b70005c3a003dfd414a,eeb752fd58b76f0ac38fb9bad8faec36ee64b2a6
vfgb.idemia.io,665a1433d67c1a2c5db8b52c967f10a057ba5cb2,3eba74d3535c1af49a32830703729383d1c85515
vfgb.idemia.io,81370f5125d0b1d408d4c3b232e6d25e795bebfb,6fdd0016f7fbb375df9f5b4d9298b7a8fe330695
smdp.io,16704b7f351e3607f18c4b70005c3a003dfd414a,f75e6a5a92d0e0979f4fd765b7437b045f54ebde
smdp.io,665a1433d67c1a2c5db8b52c967f10a057ba5cb2,72c0afa87d985abb85569603323c91d6fb104a92
smdp.io,81370f5125d0b1d408d4c3b232e6d25e795bebfb,18f04c54d7a617353b0662e1bd055474d19cd33f
smdp.io,81370f5125d0b1d408d4c3b232e6d25e795bebfb,48005bef0f7fdf6715402c95766f88e12b0e6c12
smdp.io,b70ba40c0f24f277b7b2050ad1e86a7cf28c4e57,e3ad1f2b8a22a3cd13771d25d1ea65451695798a
rsp.esim.me:8083,f54172bdf98a95d65cbeb88a38a1c11d800a85c3,96d6a31349f5dcf39784caa1f8b78415aa150c23
cust-001-v4-prod-atl2.gdsb.net,16704b7f351e3607f18c4b70005c3a003dfd414a,b8ab1721acafe8a545ae47c00c4f2fe8b1976eed
cust-001-v4-prod-atl2.gdsb.net,81370f5125d0b1d408d4c3b232e6d25e795bebfb,8808cc9e53cc16ba5f72bf5c11d747b7f72af7ee
cust-005-v4-prod-atl2.gdsb.net,16704b7f351e3607f18c4b70005c3a003dfd414a,b8ab1721acafe8a545ae47c00c4f2fe8b1976eed
cust-005-v4-prod-atl2.gdsb.net,81370f5125d0b1d408d4c3b232e6d25e795bebfb,8808cc9e53cc16ba5f72bf5c11d747b7f72af7ee
cust-007-v4-prod-atl2.gdsb.net,81370f5125d0b1d408d4c3b232e6d25e795bebfb,8808cc9e53cc16ba5f72bf5c11d747b7f72af7ee
cust-007-v4-prod-atl2.gdsb.net,b60f0b897fd630b88cfed6161f8ea808c5382ac3,44117bbdf33d046e3dcd66d2b26f2979d8cee1a5
cust-011-v4-prod-atl2.gdsb.net,16704b7f351e3607f18c4b70005c3a003dfd414a,b8ab1721acafe8a545ae47c00c4f2fe8b1976eed
cust-011-v4-prod-atl2.gdsb.net,81370f5125d0b1d408d4c3b232e6d25e795bebfb,8808cc9e53cc16ba5f72bf5c11d747b7f72af7ee
t-mobile.gdsb.net,16704b7f351e3607f18c4b70005c3a003dfd414a,b8ab1721acafe8a545ae47c00c4f2fe8b1976eed
t-mobile.gdsb.net,81370f5125d0b1d408d4c3b232e6d25e795bebfb,8808cc9e53cc16ba5f72bf5c11d747b7f72af7ee
rsp-0001.linksfield.net,81370f5125d0b1d408d4c3b232e6d25e795bebfb,415e34e107d88731ccb987811766ee803419beac
rsp-0002.linksfield.net,81370f5125d0b1d408d4c3b232e6d25e795bebfb,415e34e107d88731ccb987811766ee803419beac
rsp-0001.oberthur.net,16704b7f351e3607f18c4b70005c3a003dfd414a,eeb752fd58b76f0ac38fb9bad8faec36ee64b2a6
rsp-0001.oberthur.net,81370f5125d0b1d408d4c3b232e6d25e795bebfb,6fdd0016f7fbb375df9f5b4d9298b7a8fe330695
rsp-0002.oberthur.net,16704b7f351e3607f18c4b70005c3a003dfd414a,eeb752fd58b76f0ac38fb9bad8faec36ee64b2a6
rsp-0002.oberthur.net,81370f5125d0b1d408d4c3b232e6d25e795bebfb,6fdd0016f7fbb375df9f5b4d9298b7a8fe330695
rsp-0003.oberthur.net,16704b7f351e3607f18c4b70005c3a003dfd414a,eeb752fd58b76f0ac38fb9bad8faec36ee64b2a6
rsp-0003.oberthur.net,81370f5125d0b1d408d4c3b232e6d25e795bebfb,00aaf25dece487fb53ce275b74e6788af1ccd15b
rsp-0003.oberthur.net,cd6e60b72d7a063cbc84625b91e80fe30406e13e,816112c1867ca27d98dba2904777b2c3628cdd6b
rsp-0004.oberthur.net,16704b7f351e3607f18c4b70005c3a003dfd414a,eeb752fd58b76f0ac38fb9bad8faec36ee64b2a6
rsp-0004.oberthur.net,81370f5125d0b1d408d4c3b232e6d25e795bebfb,00aaf25dece487fb53ce275b74e6788af1ccd15b
rsp-0004.oberthur.net,cd6e60b72d7a063cbc84625b91e80fe30406e13e,806b739f57b85c0bb720f12c907ba7c48c824ffd
rsp-0006.oberthur.net,16704b7f351e3607f18c4b70005c3a003dfd414a,eeb752fd58b76f0ac38fb9bad8faec36ee64b2a6
rsp-0006.oberthur.net,81370f5125d0b1d408d4c3b232e6d25e795bebfb,6fdd0016f7fbb375df9f5b4d9298b7a8fe330695
rsp-0010.oberthur.net,16704b7f351e3607f18c4b70005c3a003dfd414a,eeb752fd58b76f0ac38fb9bad8faec36ee64b2a6
rsp-0010.oberthur.net,81370f5125d0b1d408d4c3b232e6d25e795bebfb,6fdd0016f7fbb375df9f5b4d9298b7a8fe330695
rsp-0014.oberthur.net,16704b7f351e3607f18c4b70005c3a003dfd414a,eeb752fd58b76f0ac38fb9bad8faec36ee64b2a6
rsp-0014.oberthur.net,81370f5125d0b1d408d4c3b232e6d25e795bebfb,6fdd0016f7fbb375df9f5b4d9298b7a8fe330695
rsp-0018.oberthur.net,16704b7f351e3607f18c4b70005c3a003dfd414a,eeb752fd58b76f0ac38fb9bad8faec36ee64b2a6
rsp-0018.oberthur.net,81370f5125d0b1d408d4c3b232e6d25e795bebfb,6fdd0016f7fbb375df9f5b4d9298b7a8fe330695
rsp-0026.oberthur.net,16704b7f351e3607f18c4b70005c3a003dfd414a,eeb752fd58b76f0ac38fb9bad8faec36ee64b2a6
rsp-0026.oberthur.net,81370f5125d0b1d408d4c3b232e6d25e795bebfb,6fdd0016f7fbb375df9f5b4d9298b7a8fe330695
rsp-1006.oberthur.net,16704b7f351e3607f18c4b70005c3a003dfd414a,496fae14247ca053e4171950b990b8270a3e6c3e
rsp-1006.oberthur.net,81370f5125d0b1d408d4c3b232e6d25e795bebfb,100320b09b92788e32e062a1ba289e5ae5e17b51
esim.mts.ru,81370f5125d0b1d408d4c3b232e6d25e795bebfb,4a9e91232a903ea2bc4d54fe32a9568a7009a934
rsp.novacard.ru,81370f5125d0b1d408d4c3b232e6d25e795bebfb,4a9e91232a903ea2bc4d54fe32a9568a7009a934
rsp.tele2.ru,81370f5125d0b1d408d4c3b232e6d25e795bebfb,cf10337cd698ceab3b3ae271537cd4c7a6d76e49
zain.esim.com.sa,81370f5125d0b1d408d4c3b232e6d25e795bebfb,286d10756b68f0e14a69f653c022153d3c88aa5b
consumer.rsp.world,81370f5125d0b1d408d4c3b232e6d25e795bebfb,5d7f95230ab1af565dab6855c9ce48494277bc1f
